OldGenus,OldSpecies,NewGenus,NewSpecies
Acacia,saligna,Acacia,saligna
Adenandra,uniflora,Adenandra,uniflora
Adenandra,villosa,Adenandra,villosa
Adenocline,pauciflora,Adenocline,pauciflora
Agapanthus,africanus,Agapanthus,africanus
Agathelpis,dubia,Microdon,dubius
Agathosma,bifida,Agathosma,bifida
Agathosma,capensis,Agathosma,capensis
Agathosma,ciliaris,Agathosma,ciliaris
Agathosma,ciliata,Agathosma,ciliaris
Agathosma,hookeri,Agathosma,hookeri
Agathosma,imbricata,Agathosma,imbricata
Agathosma,lanceolata,Agathosma,lanceolata
Agathosma,serpyllacea,Agathosma,serpyllacea
Aizoon,paniculatum,Aizoon,paniculatum
Aizoon,sarmentosum,Aizoon,sarmentosum
Albuca,flaccida,Ornithogalum,flaccida
Alciope,tabularis,Capelio,tabularis
Amphithalea,ericifolia,Amphithalea,ericifolia
Anaxaeton,laeve,Anaxeton,laeve
Anaxeton,laeve,Anaxeton,laeve
Androcymbium,eucomoides,Colchicum,eucomoides
Anisodontea,scabrosa,Anisodontea,scabrosa
Annesorhiza,altiscapa,Annesorhiza,altiscapa
Anthochortus,capensis,Anthochortus,capensis
Anthochortus,laxiflorus,Anthochortus,laxiflorus
Anthospermum,aethiopicum,Anthospermum,aethiopicum
Anthospermum,bergianum,Anthospermum,bergianum
Anthospermum,galioides,Anthospermum,galioides
Apium,graveolens,Apium,graveolens
Arctotheca,calendula,Arctotheca,calendula
Arctotis,acaulis,Arctotis,acaulis
Arctotis,aspera,Arctotis,aspera
Arctotis,stoechadifolia,Arctotis,stoechadifolia
Argyrolobium,filiforme,Argyrolobium,filiforme
Aristea,africana,Aristea,africana
Aristea,glauca,Aristea,glauca
Aristea,major,Aristea,capitata
Aspalathus,abietina,Aspalathus,abietina
Aspalathus,argyrella,Aspalathus,argyrella
Aspalathus,callosa,Aspalathus,callosa
Aspalathus,capensis,Aspalathus,capensis
Aspalathus,carnosa,Aspalathus,carnosa
Aspalathus,chenopoda,Aspalathus,chenopoda
Aspalathus,ciliaris,Aspalathus,ciliaris
Aspalathus,divaricata,Aspalathus,divaricata
Aspalathus,ericifolia,Aspalathus,ericifolia
Aspalathus,hispida,Aspalathus,hispida
Aspalathus,laricifolia,Aspalathus,laricifolia
Aspalathus,linguiloba,Aspalathus,linguiloba
Aspalathus,microphylla,Aspalathus,microphylla
Aspalathus,retroflexa,Aspalathus,retroflexa
Aspalathus,sericea,Aspalathus,sericea
Aspalathus,serpens,Aspalathus,serpens
Asparagus,capensis,Asparagus,capensis
Asparagus,lignosus,Asparagus,lignosus
Asparagus (Protasparagus),lignosus (compactus),Asparagus,lignosus
Asparagus (Protasparagus),rubicundus,Asparagus,rubicundus
Authospermiun,galioides,Anthospermum,galioides
Authospermum,galioides,Anthospermum,galioides
Babiana,ambigua,Babiana,ambigua
Babiana,anibigua,Babiana,ambigua
Babiana,villosula,Babiana,villosula
Bassia,diffusa,Bassia,diffusa
Berkheya,barbata,Berkheya,barbata
Berzelia,abrotanoides,Berzelia,abrotanoides
Berzelia,lanuginosa,Berzelia,lanuginosa
Bobartia,filiformis,Bobartia,filiformis
Bobartia,gladiata,Bobartia,gladiata
Bobartia,indica,Bobartia,indica
Bolusafra,bituminosa,Bolusafra,bituminosa
Bulbine,abyssinca,Bulbine,abyssinica
Bulbine,abyssinica,Bulbine,abyssinica
Bulbine,abyssiuica,Bulbine,abyssinica
Bulbine,aloides,Bulbine,alooides
Bulbine,alooides,Bulbine,alooides
Bulbine,asphodeloides,Bulbine,asphodeloides
Bulbine,lagopus,Bulbine,lagopus
Caesia,contorta,Caesia,contorta
Callumia,setosa,Cullumia,setosa
Calopsis,fruiticosa,Calopsis,fruticosa
Calopsis,gracilis,Calopsis,gracilis
Calopsis,membranacea,Calopsis,membranacea
Calopsis,viminea,Calopsis,viminea
Campianthus,falsiformis,Lampranthus,falciformis
Capelio (Alciope),tabularis,Capelio,tabularis
Carpacoce,spermacocea,Carpacoce,spermacocea
Carpacoce,vaginellata,Carpacoce,vaginellata
Carpobrotus,acinaciformis,Carpobrotus,acinaciformis
Carpobrotus,edulis,Carpobrotus,edulis
Cassine,maritima,Robsonodendron,maritimum
Cassine,peragua,Cassine,peragua
Cassytha,ciliolata,Cassytha,ciliolata
Castalis,nudicaulis,Dimorphotheca,nudicaulis
Centella,affinis,Centella,affinis
Centella,glabrata,Centella,glabrata
Centella,macrocarpa,Centella,macrocarpa
Centella,tridentata,Centella,tridentata
Chenolea,diffusa,Bassia,diffusa
Chironia,baccifera,Chironia,baccifera
Chironia,decumbens,Chironia,decumbens
Chironia,linoides,Chironia,linoides
Chondropetalum,hookerianum,Elegia,hookeriana
Chondropetalum,microcarpum,Elegia,microcarpa
Chondropetalum,nudum,Chondropetalum,nudum
Chondropetalum,tectorum,Elegia,tectorum
Chrysanthemoides,monilifera,Chrysanthemoides,monilifera
Chrysochoma,coma - aurea,Chrysocoma,coma-aurea
Chrysochoma,coma.aurea,Chrysocoma,coma-aurea
Cineraria,geifolia,Cineraria,geifolia
Cliffortia,atrata,Cliffortia,atrata
Cliffortia,falcata,Cliffortia,falcata
Cliffortia,ferruginea,Cliffortia,ferruginea
Cliffortia,filifolia,Cliffortia,filifolia
Cliffortia,glauca,Cliffortia,glauca
Cliffortia,obcordata,Cliffortia,obcordata
Cliffortia,polygonifolia,Cliffortia,polygonifolia
Cliffortia,ruscifolia,Cliffortia,ruscifolia
Cliffortia,stricta,Cliffortia,stricta
Cliffortia,subsetacea,Cliffortia,subsetacea
Clutia,alaternoides,Clutia,alaternoides
Clutia,ericoides,Clutia,ericoides
Clutia,polygonoides,Clutia,polygonoides
Coleonema,alba,Coleonema,album
Coleonema,album,Coleonema,album
Conyza,pinnatifida,Conyza,pinnatifida
Corumbium,glabrum,Corymbium,glabrum
Corymbium,africanum,Corymbium,africanum
Corymbium,glabrum,Corymbium,glabrum
Cotula,turbinata,Cotula,turbinata
Crassula,capensis,Crassula,capensis
Crassula,coccinea,Crassula,coccinea
Crassula,cymosa,Crassula,cymosa
Crassula,fascicularis,Crassula,fascicularis
Crassula,flava,Crassula,flava
Crassula,muscosa,Crassula,muscosa
Crassula,nudicaulis,Crassula,nudicaulis
Crassula,sp. minute imbricate leaves,Crassula,sp.
Crassula,subulata,Crassula,subulata
Cryptadenia,grandiflora,Lachnaea,grandiflora
Cullumia,setosa,Cullumia,setosa
Cullumia,squarrosa,Cullumia,squarrosa
Cussonia,thyrsiflora,Cussonia,thyrsiflora
Cymbopogon,marginatus,Cymbopogon,marginatus
Cynanchum,africanum,Cynanchum,africanum
Cynanchum,obtusifolium,Cynanchum,obtusifolium
Cynodon,dactylon,Cynodon,dactylon
Cyphia,bulbosa,Cyphia,bulbosa
Diastella,divaricata,Diastella,divaricata
Dilatris,corymbosa,Dilatris,corymbosa
Dilatris,pillansii,Dilatris,pillansii
Diosma,hirsuta,Diosma,hirsuta
Diosma,oppositifolia,Diosma,oppositifolia
Diospyros,glabra,Diospyros,glabra
Disa,bracteata,Disa,bracteata
Disa,obliqua,Disa,obliqua
Disa,purpurascens,Disa,purpurascens
Dischisma,ciliatum,Dischisma,ciliatum
Disparago,anomala,Disparago,anomala
Disparago,aricoides,Disparago,ericoides
Disparago,ericoides,Disparago,ericoides
Disparago,ericoides (lasiocarpa),Disparago,ericoides
Disparago,lasiocarpa,Disparago,ericoides
Disperis,capensis,Disperis,capensis
Drimia,capensis,Drimia,capensis
Drosanthemum,candens,Drosanthemum,candens
Drosera,aliciae,Drosera,aliciae
Drosera,trinervia,Drosera,trinervia
Edmondia,sesamoides,Edmondia,sesamoides
Ehrharta,bulbosa,Ehrharta,bulbosa
Ehrharta,calycina,Ehrharta,calycina
Ehrharta,ramosa,Ehrharta,ramosa
Ehrharta,rehmannii,Ehrharta,rehmannii
Ehrharta,setacea,Ehrharta,setacea
Ehrharta,villosa,Ehrharta,villosa
Elegia,cuspidata,Elegia,cuspidata
Elegia,filacea,Elegia,filacea
Elegia,juncea,Elegia,juncea
Elegia,neesii,Elegia,neesii
Elegia,nuda,Elegia,nuda
Elegia,nudug,Elegia,nuda
Elegia,persistens,Elegia,persistens
Elegia,stipularis,Elegia,stipularis
Elegia,thyrsifera,Elegia,thyrsifera
Elegia,vaginulata,Elegia,vaginulata
Elegia (Chondropetalum),microcarpum,Elegia,microcarpum
Elegia (Chondropetalum),nuda,Elegia,nuda
Elytropappus,scaber,Elytropappus,scaber
Epischoenus,quadrangularis,Epischoenus,quadrangularis
Eragrostis,capensis,Eragrostis,capensis
Erepsia,anceps,Erepsia,anceps
Erepsia,bracteata,Erepsia,bracteata
Erepsia,promontorii,Erepsia,promontorii
Erharta,ramosa,Ehrharta,ramosa
Erica,abietina,Erica,abietina
Erica,abietina ssp. atrorosea,Erica,abietina
Erica,alabella,Erica,glabella
Erica,axillaris,Erica,axillaris
Erica,blancheana,Erica,hispidula
Erica,bruniades,Erica,bruniades
Erica,capensis,Erica,capensis
Erica,capillaris,Erica,capillaris
Erica,cerinthoides,Erica,cerinthoides
Erica,clavisepala,Erica,clavisepala
Erica,coarctata,Erica,coarctata
Erica,coccinea,Erica,coccinea
Erica,corifolia,Erica,corifolia
Erica,coriifolia,Erica,corifolia
Erica,eburnea,Erica,eburnea
Erica,ericoides,Erica,ericoides
Erica,exleeana,Erica,exleeana
Erica,galabella,Erica,glabella
Erica,glabella,Erica,glabella
Erica,gnaphaloides,Erica,gnaphaloides
Erica,hirtiflora,Erica,hirtiflora
erica,hirtiflora,Erica,hirtiflora
Erica,hispidula,Erica,hispidula
Erica,imbricata,Erica,imbricata
Erica,labialis,Erica,labialis
Erica,laeta,Erica,laeta
Erica,lasciva,Erica,lasciva
Erica,mammosa,Erica,mammosa
Erica,muscosa,Erica,muscosa
Erica,obliqua,Erica,obliqua
Erica,paliiflora,Erica,palliiflora
Erica,palliiflora,Erica,palliiflora
Erica,parviflora,Erica,parviflora
Erica,phylicifolia,Erica,abietina
Erica,plukenetii,Erica,plukenetii
Erica,pulchella,Erica,pulchella
Erica,similis,Erica,similis
Erica,spumosa,Erica,spumosa
Erica,subcapitata,Erica,subcapitata
Erica,subdivaricata,Erica,subdivaricata
Erica,tristis,Erica,tristis
Eriocephalus,africanus,Eriocephalus,africanus
Eriocephalus,racemosus,Eriocephalus,racemosus
Euclea,racemosa,Euclea,racemosa
Euphorbia,caput.medusae,Euphorbia,caput-medusae
Euphorbia,erythrina,Euphorbia,erythrina
Euphorbia,genistoides,Euphorbia,genistoides
Euphorbia,silenifolia,Euphorbia,silenifolia
Euphorbia,tuberosa,Euphorbia,tuberosa
Euryops,abrotanifolius,Euryops,abrotanifolius
Exomis,microphylla,Exomis,microphylla
Falkia,repens,Falkia,repens
Felicia,fruticosa,Felicia,fruticosa
Festuca,scabra,Festuca,scabra
Ficinia,acuminata,Ficinia,acuminata
Ficinia,anceps,Ficinia,anceps
Ficinia,brevifolia,Ficinia,brevifolia
Ficinia,bulbosa,Ficinia,bulbosa
Ficinia,capitella,Ficinia,capitella
Ficinia,deusta,Ficinia,deusta
Ficinia,dunensis,Ficinia,dunensis
Ficinia,ecklonia,Ficinia,ecklonea
Ficinia,filiformis,Ficinia,filiformis
Ficinia,indica,Ficinia,indica
Ficinia,lateralis,Ficinia,lateralis
Ficinia,nigrescens,Ficinia,nigrescens
Ficinia,oligantha,Ficinia,oligantha
Ficinia,paradoxa,Ficinia,paradoxa
Ficinia,pinquior,Ficinia,pinguior
Ficinia,ramosissima,Ficinia,ramosissima
Ficinia,rigida,Ficinia,rigida
Ficinia,secunda,Ficinia,secunda
Ficinia,stolonifera,Ficinia,stolonifera
Ficinia,tenuifolia,Ficinia,filiformis
Ficinia,trichoides,Ficinia,trichodes
Ficinia,zeyheri,Ficinia,zeyheri
Filicia,tenella,Felicia,tenella
Finia,rigida,Ficinia,rigida
Frankenia,repens,Frankenia,repens
Galium,tomentosum,Galium,tomentosum
Gazania,pectinata,Gazania,pectinata
Geissorhiza,juncea,Geissorhiza,juncea
Geissorhiza,tenella,Geissorhiza,tenella
Geranium,incanum,Geranium,incanum
Gerbera,crocea,Gerbera,crocea
Glia,prolifera,Glia,prolifera
Gnidia,imbricata,Gnidia,imbricata
Gnidia,juniperina,Gnidia,juniperifolia
Gnidia,pinifolia,Gnidia,pinifolia
Gnidia,subulata,Gnidia,cuneata
Haemanthus,coccineus,Haemanthus,coccineus
Haplocarpha,lanata,Haplocarpha,lanata
Harveya,tubulosa,Harveya,pauciflora
Helichrysum,crispum,Helichrysum,crispum
Helichrysum,cymosum,Helichrysum,cymosum
Helichrysum,dasyanthum,Helichrysum,dasyanthum
Helichrysum,indicum,Helichrysum,indicum
Helichrysum,niveum,Helichrysum,niveum
Helichrysum,patulum,Helichrysum,patulum
Helichrysum,tinctum,Helichrysum,tinctum
Heliophila,linearis,Heliophila,linearis
Heliophila,scoparia,Heliophila,scoparia
Heliophila ,elongata,Heliophila,elongata
Hermannia,multiflora,Hermannia,multiflora
Hermannia,ternifolia,Hermannia,ternifolia
Hermas,villosa,Hermas,villosa
Hippia,pilosa,Hippia,pilosa
Hyobanche,sanguinea,Hyobanche,sanguinea
Hypodiscus,albo - aristatus,Hypodiscus,albo-aristatus
Hypodiscus,albo.aristatus,Hypodiscus,albo-aristatus
Hypodiscus,aristatus,Hypodiscus,aristatus
Hypodiscus,willdenowia,Hypodiscus,willdenowia
Ifloga,ambigua,Trichogyne,ambigua
Indigofera,angustifolia,Indigofera,angustifolia
Indigofera,brachystachya,Indigofera,brachystachya
Indigofera,filifolia,Indigofera,filifolia
Indigofera,glomerata,Indigofera,glomerata
Indigofera,mauritanica,Indigofera,mauritanica
Indigofera,sarmentosa,Indigofera,sarmentosa
Ischyrolepis,capensis,Ischyrolepis,capensis
Ischyrolepis,cincinnata,Ischyrolepis,cincinnata
Ischyrolepis,eleocharis,Ischyrolepis,eleocharis
Ischyrolepis,palludosa,Restio,paludosus
Ischyrolepis,paludosa,Ischyrolepis,paludosa
Isolepis,marginata,Isolepis,marginata
Itasina,filifolia,Itasina,filifolia
Juncus,capensis,Juncus,capensis
Juncus,krausii,Juncus,kraussii
Kedrostis,nana,Kedrostis,nana
Knowltonia,capensis,Knowltonia,capensis
Knowltonia,vesicatoria,Knowltonia,vesicatoria
Lachnaea,densiflora,Lachnaea,densiflora
Lachnaea,densifolia,Lachnaea,densiflora
Lachnaea,grandiflora,Lachnaea,grandiflora
Lachnaea (Cryptadenia),grandiflora,Lachnaea,grandiflora
Lachnea,grandiflora,Lachnaea,grandiflora
Lampranthus,austricolus,Lampranthus,austricola
Lampranthus,bicolor,Lampranthus,bicolor
Lampranthus,elegans,Lampranthus,elegans
Lampranthus,emarginatus,Lampranthus,emarginatus
Lampranthus,falciformis,Lampranthus,falciformis
Lampranthus,promontorii,Lampranthus,promontorii
Lampranthus,stenus,Lampranthus,stenus
Lampranthus,tenuifolius,Lampranthus,tenuifolius
Laurembergia,repens,Laurembergia,repens
Lebeckia,meyeriana,Lebeckia,meyeriana
Leucadendron,coniferum,Leucadendron,coniferum
Leucadendron,laureolum,Leucadendron,laureolum
Leucadendron,salignum,Leucadendron,salignum
Leucadendron,xanthoconus,Leucadendron,xanthoconus
Leucospermum,conocarpodendron,Leucospermum,conocarpodendron
Leucospermum,hypophyllocarpodendr,Leucospermum,hypophyllocarpodendron
Leucospermum,hypophyllocarpodendron,Leucospermum,hypophyllocarpodendron
Lichtensteinia,lacera,Lichtensteinia,lacera
Lightfootia,longifolia,Wahlenbergia,longifolia
Lightfootia,parvifolia,Wahlenbergia,parvifolia
Lightfootia,tenella,Wahlenbergia,tenella
Lightfootia,tenuis,Wahlenbergia,pyrophila
Limonium,scabrum,Limonium,scabrum
Linum,africanum,Linum,africanum
Linum,thunbergii,Linum,thunbergii
Liparia,parva,Liparia,parva
Lobelia,anceps,Lobelia,anceps
Lobelia,comosa,Lobelia,comosa
Lobelia,coronopifolia,Lobelia,coronopifolia
Lobelia,pinifolia,Lobelia,pinifolia
Lobelia,setacea,Lobelia,setacea
Lobostemon,fruticosus,Lobostemon,fruticosus
Lobostemon,montanus,Lobostemon,montanus
Macrostylis,villosa,Macrostylis,villosa
Manulea,cheilanthes,Manulea,cheiranthus
Manulea,cheiranthus,Manulea,cheiranthus
Manulea,tomentosa,Manulea,tomentosa
Mariscus,thunbergii,Cyperus,thunbergii
Mastersiella,digitata,Mastersiella,digitata
Maurocenia,frangularia,Maurocenia,frangularia
Maytenus,lucida,Maytenus,lucida
Merxmuellera,cincta,Merxmuellera,cincta
Merxmuellera,rufa,Merxmuellera,rufa
Merxmuellera,stricta,Tenaxia,stricta
Mesembryanthemum,cristallinum,Mesembryanthemum,crystallinum
Metalasia,brevifolia,Metalasia,brevifolia
Metalasia,cephalotes,Metalasia,cephalotes
Metalasia,densa,Metalasia,densa
Metalasia,muricata,Metalasia,muricata
Microdon,dubia,Microdon,dubius
Microdon,dubius,Microdon,dubius
Microdon (Agathelpis),dubius,Microdon,dubius
Microndon,dubius,Microdon,dubius
Mimetes,fimbriifolius,Mimetes,fimbriifolius
Monopsis,lutea,Monopsis,lutea
Moraea,fugax,Moraea,fugax
Moraea,tripetala,Moraea,tripetala
Muraltia,acipetala,Muraltia,acipetala
Muraltia,alopecuroides,Muraltia,alopecuroides
Muraltia,demissa,Muraltia,demissa
Muraltia,ericifolia,Muraltia,ericaefolia
Muraltia,ericoides,Muraltia,ericoides
Muraltia,filiformis,Muraltia,filiformis
Muraltia,pageae,Muraltia,pageae
Muraltia,rosmarinifolia,Muraltia,rosmarinifolia
Muraltia,satureioides,Muraltia,satureioides
Muraltia,sp. Prev. Lapa,Muraltia,sp.
Muraltia,thunbergii,Muraltia,thunbergii
Myrica,cordifolia,Morella,cordifolia
Myrica,quercifolia,Morella,quercifolia
Myrsine,africana,Myrsine,africana
Nemesia,barbata,Nemesia,barbata
Nylandtia,spinosa,Nylandtia,spinosa
Oedera,imbricata,Oedera,imbricata
Olea,capensis,Olea,capensis
Olea,exasperata,Olea,exasperata
Ornithogalum,flaccida,Ornithogalum,flaccida
Ornithogalum (Albuca),imbricata,Ornithogalum,imbricatum
Osmitopsis,asteriscoides,Osmitopsis,asteriscoides
Osteospermum,polygaloides,Osteospermum,polygaloides
Osyris,compressa,Osyris,compressa
Othonna,arborescens,Othonna,arborescens
Othonna,digitata,Othonna,digitata
Othonna,quinquedentata,Othonna,quinquedentata
Oxalis,sp.,Oxalis,sp.
Oxalis,versicolor,Oxalis,versicolor
Passerina,corymbos (vulgaris),Passerina,corymbosa
Passerina,corymbosa,Passerina,corymbosa
Passerina,corymbosa (vulgaris),Passerina,corymbosa
Passerina,paleacea,Passerina,paleacea
Passerina,vulgaris,Passerina,corymbosa
Pelargonium,betulinum,Pelargonium,betulinum
Pelargonium,capitatum,Pelargonium,capitatum
Pelargonium,cucullatum,Pelargonium,cucullatum
Pelargonium,gibbosum,Pelargonium,gibbosum
Pelargonium,grossulariodes,Pelargonium,grossularioides
Pelargonium,longifolium,Pelargonium,longifolium
Pelargonium,myrrhifolium,Pelargonium,myrrhifolium
Pelargonium,tabulare,Pelargonium,tabulare
Pelargonium,triste,Pelargonium,triste
Penaea,mucronata,Penaea,mucronata
Pentaschistis,acinosa,Pentameris,acinosa
Pentaschistis,aurea,Pentaschistis,aurea
Pentaschistis,colorata,Pentaschistis,colorata
Pentaschistis,curvifolia,Pentaschistis,curvifolia
Pentaschistis,macrocalycina,Pentameris,macrocalycina
Pentaschistis,malouinensis,Pentaschistis,malouinensis
Pentaschistis,pallida,Pentaschistis,pallida
Pentaschistis,papillosa,Pentaschistis,papillosa
Petalacte,coronata,Petalacte,coronata
Phaenocoma,prolifera,Phaenocoma,prolifera
Pharnaceum,cordifolium,Pharnaceum,cordifolium
Pharnaceum,elogatum,Pharnaceum,elongatum
Pharnaceum,lanatum,Pharnaceum,lanatum
Phylica,buxifolia,Phylica,buxifolia
Phylica,dodii,Phylica,dodii
Phylica,ericoides,Phylica,ericoides
Phylica,imberbis,Phylica,imberbis
Phylica,parviflora,Phylica,parviflora
Phylica,stipularis,Trichocephalus,stipularis
Plantago,crassifolia,Plantago,crassifolia
Platycaulos,compressus,Platycaulos,compressus
Plecostachys,serpyllifolia,Plecostachys,serpyllifolia
Ploygala,bracteolata,Polygala,bracteolata
Polpoda,capensis,Polpoda,capensis
Polygala,bracteolata,Polygala,bracteolata
Polygala,garcini,Polygala,garcinii
Polygala,myrtifolia,Polygala,myrtifolia
Polygala,recognita,Polygala,recognita
Polypogon,strictus,Polypogon,strictus
Prismatocarpus,sessilis,Prismatocarpus,sessilis
Protasparagus,aethiopicus,Asparagus,aethiopicus
Protasparagus,capensis,Asparagus,capensis
Protasparagus,compactus,Protasparagus,confertus
Protasparagus,rubicundus,Asparagus,rubicundus
Protea,acaulos,Protea,acaulos
Protea,cynaroides,Protea,cynaroides
Protea,lepidocarpodendron,Protea,lepidocarpodendron
Pseudognaphalium,spuria,Pseudoselago,spuria
Pseudopentameris,macrantha,Pseudopentameris,macrantha
Pseudoselago,spuria,Pseudoselago,spuria
Psoralea,aphylla,Psoralea,aphylla
Psoralea,asarina,Psoralea,asarina
Psoralea,imbricata,Psoralea,imbricata
Psoralea,laxa,Psoralea,laxa
Psoralea,pinnata,Psoralea,pinnata
Psoralea,repens,Psoralea,repens
Pteridium ,aquilinum,Pteridium,aquilinum
Pterocelastrus,tricuspidatus,Pterocelastrus,tricuspidatus
Rafnia,crassifolia,Rafnia,crassifolia
Rafnia,ungulata,Rafnia,angulata
Restio,ambiguus,Restio,ambiguus
Restio,bifurcus,Restio,bifurcus
Restio,capensis,Restio,capensis
Restio,cincinnatus,Restio,cincinnatus
Restio,dodii,Restio,dodii
Restio,egregius,Restio,egregius
Restio,filiformis,Restio,filiformis
Restio,leptostachyus,Restio,leptostachyus
Restio,quinquefarius,Restio,quinquefarius
Restio,sarcocladus,Restio,sarocladus
Restio,triticeus,Restio,triticeus
Restio (Calopsis),ramosissimus (gracilis),Restio,ramosissimus
Restio (Ischyrolepis),capensis,Restio,capensis
Restio (Ischyrolepis),cincinnata,Restio,cincinnatus
Restio (Ischyrolepis),cincinnatus,Restio,cincinnatus
Rhus,glauca,Searsia,glauca
Rhus,laevigata,Searsia,chirindensis
Rhus,lucida,Rhus,lucens
Rhus,rosmarinifolia,Searsia,rosmarinifolia
Rhus,tomentosa,Rhus,tomentosa
Rhynchosia,ferulifolia,Rhynchosia,ferulifolia
Robsonodendron,maritinum,Cassine,maritima
Roella,amplexicaulis,Roella,amplexicaulis
Roella,ciliata,Roella,ciliata
Roella,decurrens,Roella,decurrens
Roella,prostrata,Roella,prostrata
Roella,recurvata,Roella,recurvata
Roella,squarrosa,Roella,squarrosa
Roella,triflora,Roella,triflora
Rumex,saggitatus,Rumex,sagittatus
Ruschia,macowanii,Ruschia,macowanii
Ruschia,promontorii,Ruschia,promontorii
Ruschia,sarmentosa,Ruschia,sarmentosa
Safgria,odorum,Satyrium,odorum
Salaxis,axillaris,Erica,axillaris
Saltera,sarcocolla,Saltera,sarcocolla
Salvia,africana - lutea,Salvia,africana-lutea
Salvia,africana.lutea,Salvia,africana-lutea
Samolus,valerandi,Samolus,valerandi
Satyrium,odorum,Satyrium,odorum
Scabiosa,africana,Scabiosa,africana
Schizaea,pectinata,Schizaea,pectinata
Scirpus,nodosus,Ficinia,nodosa
Scyphogyne,muscosa,Erica,muscosa
Sebaea,exacoides,Sebaea,exacoides
Selago,dregei,Selago,glandulosa
Selago,scabrida,Selago,scabrida
Selago,serrata,Pseudoselago,serrata
Selago,spuria,Selago,spuria
Senecio,arniciflorus,Senecio,arniciflorus
Senecio,burchellii,Senecio,burchellii
Senecio,elegans,Senecio,elegans
Senecio,pubigerus,Senecio,pubigerus
Senecio,purpureus,Senecio,purpureus
Senecio,triqueter,Senecio,triqueter
Senecio,umbellatus,Senecio,umbellatus
Serruria,decumbens,Serruria,decumbens
Serruria,glomerata,Serruria,glomerata
Serruria,villosa,Serruria,villosa
Shizaea,pectinata,Schizaea,pectinata
Sideroxylon,inerme,Sideroxylon,inerme
Silene,burchellii,Silene,burchellii
Simocheilus,depressus,Erica,glabella
Solanum,guineense,Solanum,guineense
Sonderina,hispida,Sonderina,hispida
Spergularia,media,Spergularia,media
Sporobolus,virginicus,Sporobolus,virginicus
Staavia,radiata,Staavia,radiata
Staberoha,banksii,Staberoha,banksii
Staberoha,cernua,Staberoha,cernua
Staberoha,distachyos,Staberoha,distachyos
Stenotaphrum,secundatum,Stenotaphrum,secundatum
Stilbe,ericoides,Stilbe,ericoides
Stilbe,vestita,Stilbe,vestita
Stoebe,capitata,Stoebe,capitata
Stoebe,fusca,Stoebe,fusca
Stoebe,incana,Seriphium,incanum
Stoebe,plumosa,Seriphium,plumosum
Stoebe,rosea,Stoebe,rosea
Stoebe,sphaerocephala,Stoebe,cyathuloides
Struthiola,ciliata,Struthiola,ciliata
Struthiola,dodecandra,Struthiola,dodecandra
Struthiola,salteri,Struthiola,salteri
Stylapteris,fruticulosus,Stylapterus,fruticulosus
Stylapterus,fruticulosus,Stylapterus,fruticulosus
Succulent daisy,cf. coronopifolia,Cotula,coronopifolia
Sutera,lychnidea,Lyperia,lychnidea
Sympieza,labialis,Erica,labialis
Syncarpha,canescens,Syncarpha,canescens
Syncarpha,gnaphaloides,Syncarpha,gnaphaloides
Syncarpha,speciosissima,Syncarpha,speciosissima
Syncarpha,vestita,Syncarpha,vestita
Syndesmanthus,articulatus,Erica,similis
Tarchonanthus,camphoratus,Tarchonanthus,camphoratus
Tetragonia,decumbens,Tetragonia,decumbens
Tetragonia,fruiticosa,Tetragonia,fruticosa
Tetragonia,fruticosa,Tetragonia,fruiticosa
Tetraria,autumnalis,Tetraria,ligulata
Tetraria,brevicaulis,Capeobolus,brevicaulis
Tetraria,bromoides,Tetraria,bromoides
Tetraria,compacta,Tetraria,compacta
Tetraria,compar,Tetraria,compar
Tetraria,crassa,Tetraria,crassa
Tetraria,cuspidata,Tetraria,cuspidata
Tetraria,exilis,Tetraria,exilis
Tetraria,eximia,Tetraria,eximia
Tetraria,fasciata,Tetraria,fasciata
Tetraria,fimbriolata,Tetraria,fimbriolata
Tetraria,flexuosa,Tetraria,flexuosa
Tetraria,microstachys,Tetraria,microstachys
Tetraria,pleiosticha,Tetraria,pleiosticha
Tetraria,pygmaea,Tetraria,pygmaea
Tetraria,sylvatica,Tetraria,sylvatica
Tetraria,thermalis,Tetraria,thermalis
Tetraria,ustulata,Tetraria,ustulata
Thamnochortus,arenarius,Thamnochortus,arenarius
Thamnochortus,erectus,Thamnochortus,erectus
Thamnochortus,fraternus,Thamnochortus,fraternus
Thamnochortus,fruticosus,Thamnochortus,fruticosus
Thamnochortus,gracilis,Thamnochortus,gracilis
Thamnochortus,insignis,Thamnochortus,insignis
Thamnochortus,lucens,Thamnochortus,lucens
Thamnochortus,obtusus,Thamnochortus,obtusus
Thesidium,hirtum,Thesidium,hirtum
Thesium,acuminatum,Thesium,acuminatum
Thesium,aggregatum,Thesium,aggregatum
Thesium,carinatum,Thesium,capitatum
Thesium,ericifolium,Thesium,ericaefolium
Thesium,nigromontanum,Thesium,nigromontanum
Thesium,pseudovirgatum,Thesium,pseudovirgatum
Thesium,schumannianum,Thesium,schumannianum
Thesium,sp.,Thesium,sp.
Thesium,spicatum,Thesium,spicatum
Thesium,strictum,Thesium,strictum
Thesium,virgatum,Thesium,virgatum
Thesium,viridifolium,Thesium,viridifolium
Trachyandra,hirsutiflora,Trachyandra,hirsutiflora
Trachyandra,revoluta,Trachyandra,revoluta
Trachyandra,tabularis,Trachyandra,tabularis
Tribolium,hispidum,Tribolium,hispidum
Tribolium,uniolae,Tribolium,uniolae
Trichocephalus,stipularis,Trichocephalus,stipularis
Trichocephalus (Phylica),stipularis,Trichocephalus,stipularis
Trichogyne,ambigua,Trichogyne,ambigua
Trichogyne,grandiflora,Trichogyne,ambigua
Trichogyne (Ifloga),ambigua,Trichogyne,ambigua
Tripteris,clandestina,Monoculus,monstrosus
Tritoniopsos,dodii,Tritoniopsis,dodii
Tylecodon,paniculatus,Tylecodon,paniculatus
Ursinia,paleacea,Ursinia,paleacea
Ursinia,tenuifolia,Ursinia,tenuifolia
Vellereophyton,dealbatum,Vellereophyton,dealbatum
Viscum,capense,Viscum,capense
Viscum,capensis,Viscum,capense
Wachendorfia,paniculata,Wachendorfia,paniculata
Wahlenbergia,obovata,Wahlenbergia,obovata
Watsonia,borbonica,Watsonia,meriana
Watsonia,meriana,Watsonia,meriana
Watsonia,tabularis,Watsonia,tabularis
Willdenowia,glomerata,Willdenowia,glomerata
Willdenowia,humilis,Willdenowia,humilis
Willdenowia,incurvata,Willdenowia,incurvata
Willdenowia,teres,Willdenowia,teres
Willdnowia,glomerata,Willdenowia,glomerata
Zantedeschia,aethiopica,Zantedeschia,aethiopica
Zygophyllum,flexuosum,Zygophyllum,flexuosum
Zygophyllum,procumbens,Zygophyllum,spinosum
Zygophyllum,spinosum,Zygophyllum,spinosum
